{"cameraMode":{"drawMode":0,"name":"Shaded","section":"Shading Mode"},"sceneLighting":true,"audioPlay":false,"sceneViewState":{"m_AlwaysRefresh":false,"showFog":true,"showSkybox":true,"showFlares":true,"showImageEffects":true,"showParticleSystems":true,"showVisualEffectGraphs":true,"m_FxEnabled":true},"in2DMode":false,"pivot":{"x":27.312904357910158,"y":-2.012624740600586,"z":56.877986907958987},"rotation":{"x":0.11528390645980835,"y":0.1719406396150589,"z":-0.02023286372423172,"w":0.9781770706176758},"size":37.960487365722659,"orthographic":false}