{"cameraMode":{"drawMode":0,"name":"Shaded","section":"Shading Mode"},"sceneLighting":true,"audioPlay":false,"sceneViewState":{"m_AlwaysRefresh":false,"showFog":true,"showSkybox":true,"showFlares":true,"showImageEffects":true,"showParticleSystems":true,"showVisualEffectGraphs":true,"m_FxEnabled":true},"in2DMode":false,"pivot":{"x":12.243408203125,"y":44.267879486083987,"z":-90.76721954345703},"rotation":{"x":-0.060246482491493228,"y":-0.08908645808696747,"z":0.0034283301793038847,"w":-0.9947711229324341},"size":10.829944610595704,"orthographic":false}