{"cameraMode":{"drawMode":0,"name":"Shaded","section":"Shading Mode"},"sceneLighting":true,"audioPlay":false,"sceneViewState":{"m_AlwaysRefresh":false,"showFog":true,"showSkybox":true,"showFlares":true,"showImageEffects":true,"showParticleSystems":true,"showVisualEffectGraphs":true,"m_FxEnabled":true},"in2DMode":false,"pivot":{"x":2.4253597259521486,"y":-4.5403032302856449,"z":2.8342032432556154},"rotation":{"x":-0.23638780415058137,"y":0.03555082902312279,"z":-0.008654872886836529,"w":-0.9709705710411072},"size":21.82701301574707,"orthographic":false}