{"cameraMode":{"drawMode":0,"name":"Shaded","section":"Shading Mode"},"sceneLighting":false,"audioPlay":false,"sceneViewState":{"m_AlwaysRefresh":false,"showFog":true,"showSkybox":false,"showFlares":true,"showImageEffects":true,"showParticleSystems":true,"showVisualEffectGraphs":true,"m_FxEnabled":true},"in2DMode":false,"pivot":{"x":3.6468093395233156,"y":3.59228253364563,"z":-46.46818542480469},"rotation":{"x":0.23477929830551148,"y":0.008423392660915852,"z":0.0010265334276482463,"w":0.9727097749710083},"size":3.4447968006134035,"orthographic":false}